timestamp,water_temp,water_ph,tds
2024-01-01 00:00:00,24.99,7.26,558.97
2024-01-01 01:00:00,23.72,6.88,670.5
2024-01-01 02:00:00,25.3,7.16,597.93
2024-01-01 03:00:00,27.05,6.87,722.33
2024-01-01 04:00:00,23.53,6.92,597.43
2024-01-01 05:00:00,23.53,6.68,627.38
2024-01-01 06:00:00,27.16,6.82,681.68
2024-01-01 07:00:00,25.53,6.69,700.24
2024-01-01 08:00:00,23.06,6.81,702.46
2024-01-01 09:00:00,25.09,7.42,668.33
2024-01-01 10:00:00,23.07,6.82,660.96
2024-01-01 11:00:00,23.07,7.89,643.7
2024-01-01 12:00:00,24.48,7.25,651.13
2024-01-01 13:00:00,20.17,7.16,597.95
2024-01-01 14:00:00,20.55,6.84,587.27
2024-01-01 15:00:00,22.88,7.31,619.87
2024-01-01 16:00:00,21.97,6.93,613.19
2024-01-01 17:00:00,24.63,7.14,601.87
2024-01-01 18:00:00,22.18,7.87,647.86
2024-01-01 19:00:00,21.18,7.07,658.21
2024-01-01 20:00:00,26.93,7.44,623.54
2024-01-01 21:00:00,23.55,6.89,679.1
2024-01-01 22:00:00,24.14,7.09,574.33
2024-01-01 23:00:00,21.15,7.63,612.25
2024-01-02 00:00:00,22.91,6.91,591.33
2024-01-02 01:00:00,24.22,7.64,545.34
2024-01-02 02:00:00,21.7,7.31,616.69
2024-01-02 03:00:00,24.75,6.93,615.13
2024-01-02 04:00:00,22.8,7.29,680.54
2024-01-02 05:00:00,23.42,7.39,645.23
2024-01-02 06:00:00,22.8,7.29,579.03
2024-01-02 07:00:00,27.7,6.63,694.16
2024-01-02 08:00:00,23.97,6.88,668.84
2024-01-02 09:00:00,21.88,7.03,643.28
2024-01-02 10:00:00,25.65,7.08,610.94
2024-01-02 11:00:00,21.56,7.29,581.62
2024-01-02 12:00:00,24.42,7.15,605.11
2024-01-02 13:00:00,20.08,6.7,663.55
2024-01-02 14:00:00,21.34,7.21,695.38
2024-01-02 15:00:00,24.39,7.28,681.73
2024-01-02 16:00:00,25.48,7.27,600.45
2024-01-02 17:00:00,24.34,7.42,575.22
2024-01-02 18:00:00,23.77,7.35,625.64
2024-01-02 19:00:00,23.4,7.24,549.26
2024-01-02 20:00:00,21.04,7.08,632.93
2024-01-02 21:00:00,22.56,6.6,614.1
2024-01-02 22:00:00,23.08,7.23,601.36
2024-01-02 23:00:00,26.11,7.16,556.21
2024-01-03 00:00:00,24.69,7.18,640.54
2024-01-03 01:00:00,20.47,6.72,598.69
2024-01-03 02:00:00,24.65,6.78,573.2
2024-01-03 03:00:00,23.23,7.42,505.11
2024-01-03 04:00:00,22.65,7.09,618.9
2024-01-03 05:00:00,25.22,7.3,690.89
2024-01-03 06:00:00,26.06,7.11,686.45
2024-01-03 07:00:00,25.86,7.11,601.72
2024-01-03 08:00:00,22.32,7.38,595.91
2024-01-03 09:00:00,23.38,6.95,638.75
2024-01-03 10:00:00,24.66,7.13,580.06
2024-01-03 11:00:00,25.95,6.96,632.07
2024-01-03 12:00:00,23.04,6.97,650.64
2024-01-03 13:00:00,23.63,7.01,669.08
2024-01-03 14:00:00,21.79,7.17,615.99
2024-01-03 15:00:00,21.61,6.96,611.85
2024-01-03 16:00:00,25.63,7.48,584.88
2024-01-03 17:00:00,26.71,6.83,586.92
2024-01-03 18:00:00,23.86,7.04,610.94
2024-01-03 19:00:00,26.01,6.97,634.69
2024-01-03 20:00:00,24.72,7.53,656.54
2024-01-03 21:00:00,22.71,7.16,587.87
2024-01-03 22:00:00,24.72,7.41,679.71
2024-01-03 23:00:00,27.08,6.65,609.16
2024-01-04 00:00:00,23.93,7.18,619.15
2024-01-04 01:00:00,27.13,7.37,590.11
2024-01-04 02:00:00,18.76,7.12,523.03
2024-01-04 03:00:00,25.64,7.42,655.36
2024-01-04 04:00:00,24.17,6.94,649.47
2024-01-04 05:00:00,23.4,7.52,608.75
2024-01-04 06:00:00,24.18,7.79,622.68
2024-01-04 07:00:00,20.02,6.99,640.64
2024-01-04 08:00:00,23.56,6.97,557.5
2024-01-04 09:00:00,24.71,7.54,598.84
2024-01-04 10:00:00,26.96,7.57,651.77
2024-01-04 11:00:00,22.96,6.94,569.83
2024-01-04 12:00:00,22.38,6.97,631.74
2024-01-04 13:00:00,23.0,7.02,565.74
2024-01-04 14:00:00,25.83,6.7,638.66
2024-01-04 15:00:00,24.66,6.82,618.57
2024-01-04 16:00:00,22.94,6.8,555.39
2024-01-04 17:00:00,25.03,6.87,666.59
2024-01-04 18:00:00,24.19,7.09,590.62
2024-01-04 19:00:00,25.94,7.17,587.59
2024-01-04 20:00:00,22.6,7.57,628.02
2024-01-04 21:00:00,23.34,6.8,665.95
2024-01-04 22:00:00,23.22,7.4,579.37
2024-01-04 23:00:00,21.07,7.04,622.47
2024-01-05 00:00:00,24.59,7.09,637.15
2024-01-05 01:00:00,24.52,7.3,647.72
2024-01-05 02:00:00,24.01,6.76,627.06
2024-01-05 03:00:00,23.53,7.21,605.32
2024-01-05 04:00:00,21.17,7.15,586.9
2024-01-05 05:00:00,23.16,7.25,623.45
2024-01-05 06:00:00,23.31,7.19,577.11
2024-01-05 07:00:00,22.4,7.84,503.15
2024-01-05 08:00:00,23.68,6.91,637.46
2024-01-05 09:00:00,24.81,6.94,656.16
2024-01-05 10:00:00,27.77,6.91,525.48
2024-01-05 11:00:00,24.35,6.93,579.61
2024-01-05 12:00:00,24.52,6.91,644.77
2024-01-05 13:00:00,23.85,7.46,702.3
2024-01-05 14:00:00,20.16,7.53,620.83
2024-01-05 15:00:00,23.95,6.93,590.88
2024-01-05 16:00:00,24.12,6.85,612.68
2024-01-05 17:00:00,28.93,7.24,675.0
2024-01-05 18:00:00,23.62,6.93,594.16
2024-01-05 19:00:00,24.6,7.29,588.03
2024-01-05 20:00:00,23.93,7.16,600.69
2024-01-05 21:00:00,21.66,6.65,581.87
2024-01-05 22:00:00,26.29,7.56,624.91
2024-01-05 23:00:00,25.5,7.64,684.99
2024-01-06 00:00:00,25.58,6.92,632.92
2024-01-06 01:00:00,22.18,6.98,609.91
2024-01-06 02:00:00,26.81,7.19,608.33
2024-01-06 03:00:00,21.2,7.2,557.47
2024-01-06 04:00:00,25.17,7.3,655.32
2024-01-06 05:00:00,28.38,7.7,616.89
2024-01-06 06:00:00,22.02,7.05,612.78
2024-01-06 07:00:00,22.87,6.86,747.72
2024-01-06 08:00:00,24.2,6.69,631.95
2024-01-06 09:00:00,22.99,6.88,589.93
2024-01-06 10:00:00,20.9,7.09,602.95
2024-01-06 11:00:00,24.14,7.64,665.94
2024-01-06 12:00:00,21.88,6.94,624.53
2024-01-06 13:00:00,24.95,7.17,562.47
2024-01-06 14:00:00,22.16,7.1,656.77
2024-01-06 15:00:00,27.1,7.46,593.27
2024-01-06 16:00:00,22.43,7.86,694.93
2024-01-06 17:00:00,23.36,6.94,663.2
2024-01-06 18:00:00,25.63,6.95,602.11
2024-01-06 19:00:00,21.54,7.41,671.24
2024-01-06 20:00:00,24.45,7.3,622.71
2024-01-06 21:00:00,26.61,7.65,654.11
2024-01-06 22:00:00,20.79,7.28,639.39
2024-01-06 23:00:00,24.37,6.99,586.15
2024-01-07 00:00:00,24.52,7.28,594.26
2024-01-07 01:00:00,25.56,7.43,661.2
2024-01-07 02:00:00,21.53,7.35,606.61
2024-01-07 03:00:00,21.36,7.25,603.85
2024-01-07 04:00:00,25.04,7.42,581.8
2024-01-07 05:00:00,24.59,7.45,636.94
2024-01-07 06:00:00,24.5,7.51,702.5
2024-01-07 07:00:00,24.69,7.29,577.3
2024-01-07 08:00:00,22.64,7.05,620.97
2024-01-07 09:00:00,24.46,7.14,676.49
2024-01-07 10:00:00,24.59,7.46,616.81
2024-01-07 11:00:00,22.57,6.85,638.09
2024-01-07 12:00:00,27.73,7.21,577.5
2024-01-07 13:00:00,24.95,6.98,637.13
2024-01-07 14:00:00,21.62,7.11,612.51
2024-01-07 15:00:00,25.31,7.48,659.43
2024-01-07 16:00:00,22.05,7.16,667.5
2024-01-07 17:00:00,25.57,7.11,723.58
2024-01-07 18:00:00,26.32,6.69,643.19
2024-01-07 19:00:00,22.36,7.32,633.03
2024-01-07 20:00:00,25.93,7.29,627.78
2024-01-07 21:00:00,24.83,7.75,605.87
2024-01-07 22:00:00,25.64,7.01,633.54
2024-01-07 23:00:00,27.79,7.17,608.18
2024-01-08 00:00:00,23.51,7.17,626.74
2024-01-08 01:00:00,22.49,7.57,672.7
2024-01-08 02:00:00,22.22,7.07,579.74
2024-01-08 03:00:00,22.37,7.18,665.6
2024-01-08 04:00:00,23.85,7.28,672.68
2024-01-08 05:00:00,24.68,7.16,615.28
2024-01-08 06:00:00,24.55,6.97,535.13
2024-01-08 07:00:00,25.65,7.16,595.69
2024-01-08 08:00:00,24.03,7.42,671.88
2024-01-08 09:00:00,26.91,6.79,619.09
2024-01-08 10:00:00,23.47,7.14,580.03
2024-01-08 11:00:00,29.44,6.89,599.81
2024-01-08 12:00:00,25.25,7.46,653.62
2024-01-08 13:00:00,22.29,6.64,641.87
2024-01-08 14:00:00,21.86,6.93,610.44
2024-01-08 15:00:00,24.96,7.21,605.33
2024-01-08 16:00:00,23.55,7.57,604.33
2024-01-08 17:00:00,25.43,7.08,583.1
2024-01-08 18:00:00,24.95,6.93,684.62
2024-01-08 19:00:00,23.85,7.66,607.11
2024-01-08 20:00:00,22.31,6.67,668.69
2024-01-08 21:00:00,20.97,6.44,680.85
2024-01-08 22:00:00,23.11,7.23,659.93
2024-01-08 23:00:00,25.71,6.95,602.74
2024-01-09 00:00:00,24.43,6.79,636.15
2024-01-09 01:00:00,21.51,7.31,619.03
2024-01-09 02:00:00,24.35,7.17,583.85
2024-01-09 03:00:00,24.77,6.93,632.97
2024-01-09 04:00:00,22.23,6.72,572.84
2024-01-09 05:00:00,24.31,7.36,667.51
2024-01-09 06:00:00,24.12,7.3,601.42
2024-01-09 07:00:00,21.71,7.07,628.05
2024-01-09 08:00:00,24.72,7.65,631.33
2024-01-09 09:00:00,25.12,6.78,609.64
2024-01-09 10:00:00,26.17,6.64,643.47
2024-01-09 11:00:00,26.11,6.89,601.0
2024-01-09 12:00:00,21.24,7.09,654.85
2024-01-09 13:00:00,22.12,7.17,566.16
2024-01-09 14:00:00,25.03,7.03,625.06
2024-01-09 15:00:00,25.03,7.21,697.56
2024-01-09 16:00:00,25.03,6.72,579.99
2024-01-09 17:00:00,31.71,7.53,592.89
2024-01-09 18:00:00,25.14,7.08,640.56
2024-01-09 19:00:00,26.27,7.44,627.18
2024-01-09 20:00:00,25.91,7.2,634.03
2024-01-09 21:00:00,25.3,7.24,639.57
2024-01-09 22:00:00,23.37,7.27,645.39
2024-01-09 23:00:00,25.52,7.23,664.39
2024-01-10 00:00:00,22.45,7.29,636.39
2024-01-10 01:00:00,23.53,7.5,610.35
2024-01-10 02:00:00,23.03,7.16,646.9
2024-01-10 03:00:00,24.16,7.31,696.0
2024-01-10 04:00:00,28.63,7.07,614.69
2024-01-10 05:00:00,20.27,7.53,581.02
2024-01-10 06:00:00,25.37,6.9,664.28
2024-01-10 07:00:00,20.77,7.64,615.18
2024-01-10 08:00:00,23.06,7.09,533.09
2024-01-10 09:00:00,26.18,6.67,653.9
2024-01-10 10:00:00,24.13,7.14,598.59
2024-01-10 11:00:00,21.84,6.9,616.38
2024-01-10 12:00:00,22.57,7.35,633.28
2024-01-10 13:00:00,25.36,6.9,627.62
2024-01-10 14:00:00,22.54,6.97,648.38
2024-01-10 15:00:00,24.43,6.53,602.58
2024-01-10 16:00:00,24.09,6.96,640.52
2024-01-10 17:00:00,22.7,6.37,609.62
2024-01-10 18:00:00,28.29,6.62,649.55
2024-01-10 19:00:00,25.27,7.33,644.61
2024-01-10 20:00:00,19.95,7.34,582.58
2024-01-10 21:00:00,24.37,7.23,663.44
2024-01-10 22:00:00,22.68,6.81,598.56
2024-01-10 23:00:00,25.7,7.09,652.32
2024-01-11 00:00:00,22.41,7.1,634.69
2024-01-11 01:00:00,23.77,6.75,693.53
2024-01-11 02:00:00,25.01,7.55,611.06
2024-01-11 03:00:00,25.73,7.36,606.03
2024-01-11 04:00:00,21.6,7.03,619.22
2024-01-11 05:00:00,23.33,7.11,607.87
2024-01-11 06:00:00,23.05,7.16,652.0
2024-01-11 07:00:00,22.69,6.49,555.35
2024-01-11 08:00:00,27.53,7.03,577.85
2024-01-11 09:00:00,24.81,6.9,577.29
2024-01-11 10:00:00,21.48,6.8,658.01
2024-01-11 11:00:00,25.84,7.02,688.42
2024-01-11 12:00:00,28.24,7.64,615.82
2024-01-11 13:00:00,26.06,7.29,613.25
2024-01-11 14:00:00,20.96,6.93,622.8
2024-01-11 15:00:00,23.03,7.27,666.48
2024-01-11 16:00:00,26.53,7.52,582.91
2024-01-11 17:00:00,22.58,7.38,629.53
2024-01-11 18:00:00,24.89,7.12,659.01
2024-01-11 19:00:00,25.55,6.91,640.04
2024-01-11 20:00:00,22.15,7.31,627.58
2024-01-11 21:00:00,23.88,7.22,660.04
2024-01-11 22:00:00,17.52,7.37,511.87
2024-01-11 23:00:00,21.95,7.29,647.12
2024-01-12 00:00:00,23.49,7.41,593.84
2024-01-12 01:00:00,21.5,6.94,546.77
2024-01-12 02:00:00,27.26,7.5,640.45
2024-01-12 03:00:00,21.14,7.16,674.95
2024-01-12 04:00:00,23.12,7.72,614.5
2024-01-12 05:00:00,24.26,6.89,658.11
2024-01-12 06:00:00,26.88,7.62,684.49
2024-01-12 07:00:00,21.13,7.16,672.6
2024-01-12 08:00:00,26.33,6.9,685.6
2024-01-12 09:00:00,24.02,6.95,649.69
2024-01-12 10:00:00,22.04,7.0,623.02
2024-01-12 11:00:00,24.92,7.23,555.92
2024-01-12 12:00:00,24.4,7.26,610.16
2024-01-12 13:00:00,22.8,6.93,586.27
2024-01-12 14:00:00,24.14,7.09,706.84
2024-01-12 15:00:00,23.23,7.74,612.96
2024-01-12 16:00:00,24.23,7.62,624.93
2024-01-12 17:00:00,25.32,7.23,642.06
2024-01-12 18:00:00,27.17,7.11,621.74
2024-01-12 19:00:00,21.52,7.14,687.8
2024-01-12 20:00:00,28.27,7.28,595.09
2024-01-12 21:00:00,20.1,6.79,627.78
2024-01-12 22:00:00,23.7,7.02,590.3
2024-01-12 23:00:00,25.18,6.6,567.2
2024-01-13 00:00:00,24.56,7.22,595.53
2024-01-13 01:00:00,22.75,7.29,618.52
2024-01-13 02:00:00,23.58,6.96,602.83
2024-01-13 03:00:00,23.01,7.57,592.3
2024-01-13 04:00:00,22.82,6.73,563.75
2024-01-13 05:00:00,25.7,6.66,616.68
2024-01-13 06:00:00,24.71,7.17,559.81
2024-01-13 07:00:00,22.61,7.41,650.4
2024-01-13 08:00:00,25.8,7.61,623.3
2024-01-13 09:00:00,24.61,6.96,561.7
2024-01-13 10:00:00,25.63,7.42,607.63
2024-01-13 11:00:00,25.26,7.09,589.91
2024-01-13 12:00:00,22.34,7.05,632.77
2024-01-13 13:00:00,22.88,7.37,673.62
2024-01-13 14:00:00,25.49,7.3,544.99
2024-01-13 15:00:00,25.22,6.63,624.6
2024-01-13 16:00:00,23.96,7.54,613.59
2024-01-13 17:00:00,24.23,7.51,646.85
2024-01-13 18:00:00,26.56,6.91,628.53
2024-01-13 19:00:00,22.82,7.22,589.92
2024-01-13 20:00:00,25.09,7.25,607.24
2024-01-13 21:00:00,23.6,7.18,588.16
2024-01-13 22:00:00,23.56,6.93,663.04
2024-01-13 23:00:00,26.2,6.9,620.85
2024-01-14 00:00:00,25.65,7.09,696.05
2024-01-14 01:00:00,25.63,7.45,617.57
2024-01-14 02:00:00,26.61,7.26,591.66
2024-01-14 03:00:00,24.04,6.99,559.45
2024-01-14 04:00:00,25.36,7.33,547.87
2024-01-14 05:00:00,23.38,6.25,556.63
2024-01-14 06:00:00,24.65,7.44,630.69
2024-01-14 07:00:00,23.74,6.58,640.35
2024-01-14 08:00:00,24.19,6.99,556.75
2024-01-14 09:00:00,25.19,6.76,655.8
2024-01-14 10:00:00,22.36,6.71,600.68
2024-01-14 11:00:00,28.18,7.45,625.87
2024-01-14 12:00:00,21.99,6.96,684.49
2024-01-14 13:00:00,21.57,7.2,655.87
2024-01-14 14:00:00,26.32,7.09,609.26
2024-01-14 15:00:00,25.58,7.24,584.35
2024-01-14 16:00:00,25.25,7.12,533.93
2024-01-14 17:00:00,25.26,6.72,591.23
2024-01-14 18:00:00,23.98,7.4,611.55
2024-01-14 19:00:00,22.21,6.95,580.51
2024-01-14 20:00:00,24.15,6.63,614.75
2024-01-14 21:00:00,22.65,6.97,623.07
2024-01-14 22:00:00,25.95,7.55,611.01
2024-01-14 23:00:00,23.71,7.36,594.0
2024-01-15 00:00:00,22.35,7.0,626.75
2024-01-15 01:00:00,23.36,7.0,637.68
2024-01-15 02:00:00,24.83,7.0,576.38
2024-01-15 03:00:00,22.87,7.72,676.44
2024-01-15 04:00:00,22.36,7.21,616.06
2024-01-15 05:00:00,24.49,7.23,620.75
2024-01-15 06:00:00,24.49,7.41,648.33
2024-01-15 07:00:00,22.99,7.17,629.33
2024-01-15 08:00:00,23.06,7.02,658.13
2024-01-15 09:00:00,24.46,7.04,631.48
2024-01-15 10:00:00,21.1,7.08,595.5
2024-01-15 11:00:00,21.19,7.09,634.46
2024-01-15 12:00:00,22.56,7.32,574.25
2024-01-15 13:00:00,23.57,7.12,624.34
2024-01-15 14:00:00,24.62,7.32,618.67
2024-01-15 15:00:00,26.95,7.08,611.68
2024-01-15 16:00:00,25.72,7.12,614.86
2024-01-15 17:00:00,23.68,6.5,544.73
2024-01-15 18:00:00,23.96,7.37,598.05
2024-01-15 19:00:00,21.99,7.2,623.71
2024-01-15 20:00:00,23.96,7.4,626.39
2024-01-15 21:00:00,23.42,6.23,578.89
2024-01-15 22:00:00,24.65,7.73,670.63
2024-01-15 23:00:00,22.35,7.06,585.35
2024-01-16 00:00:00,25.04,7.43,658.78
2024-01-16 01:00:00,27.07,6.79,637.09
2024-01-16 02:00:00,23.78,7.28,594.15
2024-01-16 03:00:00,24.8,6.78,691.01
2024-01-16 04:00:00,25.38,6.91,572.25
2024-01-16 05:00:00,23.2,7.67,656.77
2024-01-16 06:00:00,24.45,7.04,660.02
2024-01-16 07:00:00,24.03,7.17,593.18
2024-01-16 08:00:00,24.2,7.36,675.7
2024-01-16 09:00:00,22.45,7.25,610.0
2024-01-16 10:00:00,24.05,7.15,631.55
2024-01-16 11:00:00,25.0,7.21,630.41
2024-01-16 12:00:00,26.9,7.82,614.63
2024-01-16 13:00:00,25.92,7.08,652.43
2024-01-16 14:00:00,28.31,7.16,651.74
2024-01-16 15:00:00,22.47,7.42,550.06
2024-01-16 16:00:00,25.74,7.43,672.17
2024-01-16 17:00:00,24.37,7.46,553.5
2024-01-16 18:00:00,28.38,7.29,661.3
2024-01-16 19:00:00,22.38,6.76,665.07
2024-01-16 20:00:00,22.32,7.59,576.36
2024-01-16 21:00:00,22.8,6.76,603.57
2024-01-16 22:00:00,19.75,7.19,575.77
2024-01-16 23:00:00,22.95,6.87,611.4
2024-01-17 00:00:00,22.48,7.08,607.68
2024-01-17 01:00:00,24.3,7.2,651.19
2024-01-17 02:00:00,24.68,7.2,672.41
2024-01-17 03:00:00,27.75,7.23,675.83
2024-01-17 04:00:00,25.9,7.58,597.51
2024-01-17 05:00:00,22.85,7.24,611.63
2024-01-17 06:00:00,22.2,7.03,552.66
2024-01-17 07:00:00,24.98,7.39,587.77
2024-01-17 08:00:00,21.36,7.46,658.59
2024-01-17 09:00:00,27.66,6.73,684.62
2024-01-17 10:00:00,26.36,7.28,570.63
2024-01-17 11:00:00,23.06,7.31,596.3
2024-01-17 12:00:00,20.57,7.01,618.94
2024-01-17 13:00:00,26.71,7.51,631.21
2024-01-17 14:00:00,23.77,7.05,587.62
2024-01-17 15:00:00,26.48,7.14,636.96
2024-01-17 16:00:00,20.81,7.05,601.05
2024-01-17 17:00:00,22.8,7.1,619.42
2024-01-17 18:00:00,24.01,6.77,641.85
2024-01-17 19:00:00,24.09,6.67,620.26
2024-01-17 20:00:00,23.1,7.58,602.54
2024-01-17 21:00:00,25.25,6.85,615.62
2024-01-17 22:00:00,21.86,6.8,616.47
2024-01-17 23:00:00,23.72,6.45,605.2
2024-01-18 00:00:00,24.24,6.91,609.65
2024-01-18 01:00:00,25.03,6.7,683.95
2024-01-18 02:00:00,25.42,7.59,642.44
2024-01-18 03:00:00,21.75,7.4,608.18
2024-01-18 04:00:00,20.93,6.89,647.88
2024-01-18 05:00:00,26.56,7.78,606.65
2024-01-18 06:00:00,24.66,7.39,666.92
2024-01-18 07:00:00,22.5,7.0,634.79
2024-01-18 08:00:00,27.1,6.35,615.71
2024-01-18 09:00:00,24.23,7.79,637.91
2024-01-18 10:00:00,26.36,6.68,557.16
2024-01-18 11:00:00,24.14,6.61,574.93
2024-01-18 12:00:00,28.12,7.41,572.24
2024-01-18 13:00:00,27.51,7.83,625.72
2024-01-18 14:00:00,23.5,7.52,689.3
2024-01-18 15:00:00,25.94,7.27,709.25
2024-01-18 16:00:00,25.29,7.28,645.52
2024-01-18 17:00:00,26.74,7.36,640.03
2024-01-18 18:00:00,22.07,7.33,547.96
2024-01-18 19:00:00,25.37,7.18,598.29
2024-01-18 20:00:00,26.12,7.13,588.49
2024-01-18 21:00:00,20.48,7.08,595.17
2024-01-18 22:00:00,21.63,6.87,613.27
2024-01-18 23:00:00,19.92,7.02,601.12
2024-01-19 00:00:00,23.46,6.59,540.83
2024-01-19 01:00:00,25.44,7.07,649.92
2024-01-19 02:00:00,27.0,6.8,577.09
2024-01-19 03:00:00,24.15,6.77,629.57
2024-01-19 04:00:00,27.26,7.15,702.96
2024-01-19 05:00:00,21.24,7.52,583.22
2024-01-19 06:00:00,20.59,7.38,518.79
2024-01-19 07:00:00,23.89,6.63,608.56
2024-01-19 08:00:00,24.77,6.8,664.04
2024-01-19 09:00:00,23.93,7.38,698.33
2024-01-19 10:00:00,19.87,6.81,570.82
2024-01-19 11:00:00,23.82,7.03,639.87
2024-01-19 12:00:00,21.39,7.27,601.39
2024-01-19 13:00:00,25.34,6.81,615.76
2024-01-19 14:00:00,24.73,7.13,725.77
2024-01-19 15:00:00,22.12,6.7,559.88
2024-01-19 16:00:00,22.97,6.92,630.15
2024-01-19 17:00:00,21.88,7.2,638.71
2024-01-19 18:00:00,23.87,6.62,663.43
2024-01-19 19:00:00,25.91,7.23,623.92
2024-01-19 20:00:00,22.03,7.09,632.32
2024-01-19 21:00:00,25.01,7.27,604.33
2024-01-19 22:00:00,22.94,7.17,630.77
2024-01-19 23:00:00,22.41,7.51,606.27
2024-01-20 00:00:00,23.79,7.14,644.86
2024-01-20 01:00:00,21.93,6.97,605.22
2024-01-20 02:00:00,22.89,7.14,635.08
2024-01-20 03:00:00,21.6,7.26,618.83
2024-01-20 04:00:00,27.93,7.11,665.04
2024-01-20 05:00:00,24.07,7.11,617.94
2024-01-20 06:00:00,22.6,6.89,549.08
2024-01-20 07:00:00,24.43,6.9,670.48
2024-01-20 08:00:00,23.78,6.68,583.77
2024-01-20 09:00:00,23.56,7.62,593.85
2024-01-20 10:00:00,25.23,6.73,596.17
2024-01-20 11:00:00,25.52,6.89,674.98
2024-01-20 12:00:00,22.94,6.88,534.57
2024-01-20 13:00:00,22.85,7.37,745.51
2024-01-20 14:00:00,23.45,7.01,662.24
2024-01-20 15:00:00,19.4,7.47,628.93
2024-01-20 16:00:00,20.97,6.9,617.8
2024-01-20 17:00:00,26.73,7.18,631.42
2024-01-20 18:00:00,27.29,6.85,640.84
2024-01-20 19:00:00,23.5,7.74,645.81
2024-01-20 20:00:00,25.15,6.74,642.22
2024-01-20 21:00:00,24.62,7.19,623.58
2024-01-20 22:00:00,30.16,7.29,612.11
2024-01-20 23:00:00,26.24,7.22,613.95
2024-01-21 00:00:00,23.74,7.04,612.2
2024-01-21 01:00:00,22.09,7.06,665.35
2024-01-21 02:00:00,20.79,7.11,643.74
2024-01-21 03:00:00,24.41,7.06,502.38
2024-01-21 04:00:00,22.49,7.39,646.24
2024-01-21 05:00:00,21.16,7.76,627.79
2024-01-21 06:00:00,22.71,6.93,619.25
2024-01-21 07:00:00,21.84,6.69,604.46
2024-01-21 08:00:00,27.37,7.07,664.96
2024-01-21 09:00:00,25.76,7.87,657.9
2024-01-21 10:00:00,23.98,6.86,589.08
2024-01-21 11:00:00,26.96,7.59,636.28
2024-01-21 12:00:00,24.15,7.6,581.13
2024-01-21 13:00:00,22.28,6.93,564.82
2024-01-21 14:00:00,27.05,7.27,594.93
2024-01-21 15:00:00,25.08,7.59,654.5
2024-01-21 16:00:00,21.93,6.99,658.13
2024-01-21 17:00:00,23.62,7.04,640.52
2024-01-21 18:00:00,22.25,6.93,649.0
2024-01-21 19:00:00,21.23,6.8,640.65
2024-01-21 20:00:00,25.85,6.91,594.34
2024-01-21 21:00:00,27.82,6.73,637.28
2024-01-21 22:00:00,21.2,7.11,652.02
2024-01-21 23:00:00,25.13,6.87,650.17
2024-01-22 00:00:00,22.7,7.17,667.56
2024-01-22 01:00:00,23.03,6.63,648.33
2024-01-22 02:00:00,22.82,7.2,634.06
2024-01-22 03:00:00,22.27,7.35,662.81
2024-01-22 04:00:00,24.1,6.5,618.94
2024-01-22 05:00:00,22.34,7.21,584.73
2024-01-22 06:00:00,24.54,7.47,613.48
2024-01-22 07:00:00,23.9,6.74,590.2
2024-01-22 08:00:00,23.52,7.6,592.99
2024-01-22 09:00:00,22.18,7.23,614.22
2024-01-22 10:00:00,22.85,6.89,588.3
2024-01-22 11:00:00,25.51,7.08,607.68
2024-01-22 12:00:00,25.0,7.27,544.26
2024-01-22 13:00:00,22.04,7.12,628.53
2024-01-22 14:00:00,24.2,7.26,620.05
2024-01-22 15:00:00,25.5,6.82,587.32
2024-01-22 16:00:00,20.66,7.15,646.37
2024-01-22 17:00:00,25.09,6.68,657.5
2024-01-22 18:00:00,22.67,7.07,555.7
2024-01-22 19:00:00,25.14,6.83,589.49
2024-01-22 20:00:00,22.47,6.88,589.23
2024-01-22 21:00:00,20.39,7.47,582.4
2024-01-22 22:00:00,20.74,7.43,653.18
2024-01-22 23:00:00,24.1,7.28,612.25
2024-01-23 00:00:00,24.52,6.77,609.42
2024-01-23 01:00:00,22.19,7.01,539.85
2024-01-23 02:00:00,25.28,7.46,645.42
2024-01-23 03:00:00,20.68,7.14,570.43
2024-01-23 04:00:00,23.87,7.8,622.4
2024-01-23 05:00:00,21.58,7.22,631.1
2024-01-23 06:00:00,22.7,7.16,674.43
2024-01-23 07:00:00,24.09,7.01,567.65
2024-01-23 08:00:00,22.28,7.14,499.22
2024-01-23 09:00:00,23.23,7.05,627.35
2024-01-23 10:00:00,26.01,7.31,692.02
2024-01-23 11:00:00,22.85,7.39,669.56
2024-01-23 12:00:00,25.67,6.86,628.39
2024-01-23 13:00:00,21.74,6.7,600.33
2024-01-23 14:00:00,25.06,6.55,652.28
2024-01-23 15:00:00,26.88,7.25,581.06
2024-01-23 16:00:00,19.06,6.77,639.05
2024-01-23 17:00:00,22.41,6.45,640.22
2024-01-23 18:00:00,25.15,7.22,662.41
2024-01-23 19:00:00,23.59,7.85,730.39
2024-01-23 20:00:00,24.74,7.1,635.7
2024-01-23 21:00:00,22.79,7.35,599.64
2024-01-23 22:00:00,24.17,7.12,618.98
2024-01-23 23:00:00,23.69,7.07,549.24
2024-01-24 00:00:00,26.34,7.38,592.21
2024-01-24 01:00:00,24.51,7.01,603.63
2024-01-24 02:00:00,24.68,7.18,599.04
2024-01-24 03:00:00,23.18,7.2,626.09
2024-01-24 04:00:00,23.02,6.9,587.1
2024-01-24 05:00:00,23.13,7.4,664.84
2024-01-24 06:00:00,24.79,7.05,620.01
2024-01-24 07:00:00,23.16,6.87,619.63
2024-01-24 08:00:00,24.58,7.26,606.88
2024-01-24 09:00:00,28.15,6.83,626.21
2024-01-24 10:00:00,25.74,7.11,653.0
2024-01-24 11:00:00,23.35,7.1,585.31
2024-01-24 12:00:00,26.4,7.43,593.68
2024-01-24 13:00:00,23.18,7.24,607.85
2024-01-24 14:00:00,19.92,7.09,566.17
2024-01-24 15:00:00,21.98,7.35,587.23
2024-01-24 16:00:00,20.26,7.52,600.95
2024-01-24 17:00:00,23.3,7.27,654.98
2024-01-24 18:00:00,24.04,7.1,630.5
2024-01-24 19:00:00,27.35,6.71,627.74
2024-01-24 20:00:00,24.65,6.78,654.04
2024-01-24 21:00:00,23.56,7.01,614.51
2024-01-24 22:00:00,25.66,6.92,635.62
2024-01-24 23:00:00,19.58,7.04,615.87
2024-01-25 00:00:00,24.47,7.12,630.61
2024-01-25 01:00:00,25.54,7.26,596.69
2024-01-25 02:00:00,21.04,7.08,522.45
2024-01-25 03:00:00,26.29,7.25,614.63
2024-01-25 04:00:00,24.68,7.12,676.91
2024-01-25 05:00:00,23.17,6.51,657.05
2024-01-25 06:00:00,25.27,6.82,658.62
2024-01-25 07:00:00,28.54,7.06,669.45
2024-01-25 08:00:00,24.36,6.74,623.55
2024-01-25 09:00:00,24.5,7.28,627.89
2024-01-25 10:00:00,23.08,7.56,595.29
2024-01-25 11:00:00,22.3,7.47,607.36
2024-01-25 12:00:00,25.66,7.04,644.63
2024-01-25 13:00:00,22.29,7.55,668.16
2024-01-25 14:00:00,24.14,7.14,614.42
2024-01-25 15:00:00,23.04,7.0,601.99
2024-01-25 16:00:00,24.96,6.92,620.02
2024-01-25 17:00:00,24.67,7.01,644.05
2024-01-25 18:00:00,26.08,6.98,562.25
2024-01-25 19:00:00,22.98,7.15,528.15
2024-01-25 20:00:00,23.46,7.15,597.98
2024-01-25 21:00:00,22.04,7.1,571.17
2024-01-25 22:00:00,23.11,7.23,599.67
2024-01-25 23:00:00,24.75,7.46,614.09
2024-01-26 00:00:00,25.51,7.38,601.87
2024-01-26 01:00:00,22.16,6.65,678.1
2024-01-26 02:00:00,25.74,6.33,633.07
2024-01-26 03:00:00,26.71,7.38,632.02
2024-01-26 04:00:00,24.83,6.69,644.89
2024-01-26 05:00:00,27.75,7.03,574.45
2024-01-26 06:00:00,22.45,6.75,661.56
2024-01-26 07:00:00,21.51,6.56,616.97
2024-01-26 08:00:00,20.44,7.26,646.82
2024-01-26 09:00:00,26.99,7.33,577.13
2024-01-26 10:00:00,25.31,6.93,557.85
2024-01-26 11:00:00,23.89,6.32,652.72
2024-01-26 12:00:00,24.56,6.94,635.06
2024-01-26 13:00:00,21.75,7.22,583.92
2024-01-26 14:00:00,28.89,6.66,585.21
2024-01-26 15:00:00,24.26,7.16,665.02
2024-01-26 16:00:00,24.22,7.1,572.42
2024-01-26 17:00:00,25.45,7.27,685.71
2024-01-26 18:00:00,24.96,7.14,583.98
2024-01-26 19:00:00,24.45,6.81,645.54
2024-01-26 20:00:00,22.42,7.46,606.86
2024-01-26 21:00:00,24.94,7.05,644.13
2024-01-26 22:00:00,27.76,7.09,598.24
2024-01-26 23:00:00,26.69,6.82,613.49
2024-01-27 00:00:00,27.19,6.97,621.64
2024-01-27 01:00:00,22.98,6.83,579.91
2024-01-27 02:00:00,22.02,7.05,649.63
2024-01-27 03:00:00,23.75,7.61,599.47
2024-01-27 04:00:00,24.11,6.69,610.86
2024-01-27 05:00:00,26.19,6.62,580.23
2024-01-27 06:00:00,20.62,7.54,517.51
2024-01-27 07:00:00,27.06,7.04,612.36
2024-01-27 08:00:00,23.68,6.9,716.5
2024-01-27 09:00:00,23.15,7.41,651.38
2024-01-27 10:00:00,21.98,6.92,619.23
2024-01-27 11:00:00,20.69,7.65,609.48
2024-01-27 12:00:00,25.65,7.3,620.9
2024-01-27 13:00:00,24.15,6.95,641.88
2024-01-27 14:00:00,21.42,7.75,572.77
2024-01-27 15:00:00,21.41,6.92,664.57
2024-01-27 16:00:00,23.33,7.32,648.62
2024-01-27 17:00:00,27.34,7.19,648.73
2024-01-27 18:00:00,23.48,7.49,637.54
2024-01-27 19:00:00,20.99,7.57,620.78
2024-01-27 20:00:00,23.51,7.11,646.91
2024-01-27 21:00:00,23.45,6.87,643.67
2024-01-27 22:00:00,18.61,7.24,605.84
2024-01-27 23:00:00,23.89,6.9,597.06
2024-01-28 00:00:00,23.54,7.7,624.07
2024-01-28 01:00:00,25.39,7.14,681.96
2024-01-28 02:00:00,27.7,6.99,570.44
2024-01-28 03:00:00,26.25,7.16,561.3
2024-01-28 04:00:00,23.46,6.7,626.59
2024-01-28 05:00:00,21.79,6.81,622.04
2024-01-28 06:00:00,29.15,7.46,626.93
2024-01-28 07:00:00,24.12,6.9,629.76
2024-01-28 08:00:00,24.03,6.79,611.07
2024-01-28 09:00:00,23.95,7.26,679.59
2024-01-28 10:00:00,24.4,7.46,555.96
2024-01-28 11:00:00,23.71,7.32,586.86
2024-01-28 12:00:00,22.85,7.4,615.87
2024-01-28 13:00:00,22.91,6.87,554.27
2024-01-28 14:00:00,23.93,6.67,612.97
2024-01-28 15:00:00,22.91,7.55,686.46
2024-01-28 16:00:00,22.57,7.0,620.84
2024-01-28 17:00:00,24.21,7.02,629.23
2024-01-28 18:00:00,23.49,7.5,569.59
2024-01-28 19:00:00,27.01,7.27,595.35
2024-01-28 20:00:00,18.7,7.24,604.99
2024-01-28 21:00:00,26.18,7.75,607.29
2024-01-28 22:00:00,26.49,6.91,671.27
2024-01-28 23:00:00,19.85,7.38,642.31
2024-01-29 00:00:00,23.31,7.12,575.54
2024-01-29 01:00:00,23.26,7.18,629.86
2024-01-29 02:00:00,21.18,7.56,639.93
2024-01-29 03:00:00,22.44,7.25,665.61
2024-01-29 04:00:00,21.78,7.26,683.22
2024-01-29 05:00:00,27.5,7.42,579.4
2024-01-29 06:00:00,25.87,6.99,587.57
2024-01-29 07:00:00,26.54,6.85,569.7
2024-01-29 08:00:00,25.44,6.79,610.64
2024-01-29 09:00:00,21.74,6.51,638.65
2024-01-29 10:00:00,22.95,7.72,659.49
2024-01-29 11:00:00,24.98,6.77,616.96
2024-01-29 12:00:00,21.56,7.03,607.21
2024-01-29 13:00:00,25.43,7.02,626.07
2024-01-29 14:00:00,23.52,7.19,586.59
2024-01-29 15:00:00,23.25,7.34,703.58
2024-01-29 16:00:00,25.42,7.36,555.69
2024-01-29 17:00:00,24.89,6.93,627.39
2024-01-29 18:00:00,23.28,7.05,700.94
2024-01-29 19:00:00,26.32,7.18,620.27
2024-01-29 20:00:00,21.84,7.03,612.4
2024-01-29 21:00:00,25.23,7.58,605.7
2024-01-29 22:00:00,25.19,7.25,612.78
2024-01-29 23:00:00,23.38,7.32,674.91
2024-01-30 00:00:00,24.65,7.3,531.53
2024-01-30 01:00:00,21.5,7.45,681.34
2024-01-30 02:00:00,25.85,7.15,563.04
2024-01-30 03:00:00,23.63,6.71,609.33
2024-01-30 04:00:00,22.95,7.22,602.83
2024-01-30 05:00:00,26.1,6.9,643.54
2024-01-30 06:00:00,22.59,6.94,556.08
2024-01-30 07:00:00,21.18,7.28,638.49
2024-01-30 08:00:00,20.89,7.47,700.97
2024-01-30 09:00:00,25.21,7.11,565.47
2024-01-30 10:00:00,21.44,7.19,627.59
2024-01-30 11:00:00,27.51,7.61,593.52
2024-01-30 12:00:00,19.84,7.17,637.04
2024-01-30 13:00:00,27.39,7.88,620.77
2024-01-30 14:00:00,24.42,7.27,594.34
2024-01-30 15:00:00,23.81,6.57,639.51
2024-01-30 16:00:00,22.91,7.33,692.17
2024-01-30 17:00:00,24.8,7.21,612.36
2024-01-30 18:00:00,23.92,7.49,648.79
2024-01-30 19:00:00,26.21,7.3,568.27
2024-01-30 20:00:00,24.23,7.06,581.74
2024-01-30 21:00:00,24.3,6.73,638.9
2024-01-30 22:00:00,23.27,7.04,679.36
2024-01-30 23:00:00,23.89,6.84,634.22
2024-01-31 00:00:00,24.62,6.93,607.48
2024-01-31 01:00:00,20.58,7.28,619.97
2024-01-31 02:00:00,21.3,7.6,569.98
2024-01-31 03:00:00,25.49,7.22,644.18
2024-01-31 04:00:00,24.34,6.74,655.29
2024-01-31 05:00:00,23.63,7.23,601.92
2024-01-31 06:00:00,24.04,7.46,601.2
2024-01-31 07:00:00,24.7,6.92,630.64
2024-01-31 08:00:00,22.92,7.06,602.53
2024-01-31 09:00:00,22.44,7.1,617.35
2024-01-31 10:00:00,24.39,6.86,703.99
2024-01-31 11:00:00,22.04,7.29,610.12
2024-01-31 12:00:00,24.82,7.06,605.67
2024-01-31 13:00:00,20.59,7.23,594.1
2024-01-31 14:00:00,26.06,6.83,649.77
2024-01-31 15:00:00,24.95,6.97,612.75
2024-01-31 16:00:00,24.51,7.32,594.03
2024-01-31 17:00:00,25.97,6.99,672.85
2024-01-31 18:00:00,27.33,7.62,676.78
2024-01-31 19:00:00,26.03,6.98,595.98
2024-01-31 20:00:00,20.32,7.17,545.34
2024-01-31 21:00:00,21.44,7.38,660.3
2024-01-31 22:00:00,22.75,6.67,592.61
2024-01-31 23:00:00,24.05,6.57,651.63
